<?xml version="1.0" encoding="UTF-8"?>
<!DOCTYPE suite SYSTEM "http://testng.org/testng-1.0.dtd">
<suite name="Encora Automation Suite" >

    <listeners>
        <listener class-name="com.encora.listeners.ExtentReportListener"/>

    </listeners>
    <test name="Smoke test suite">
        <classes>
        <class name="com.encora.smokeSuiteTests.VerifyUserLogin"></class>
        <class name="com.encora.smokeSuiteTests.AddProductToCart"></class>
        
        </classes>

    </test>

</suite>
